{"cameraMode":{"drawMode":0,"name":"Shaded","section":"Shading Mode"},"sceneLighting":true,"audioPlay":false,"sceneViewState":{"showFog":true,"showMaterialUpdate":true,"showSkybox":true,"showFlares":true,"showImageEffects":true,"showParticleSystems":true},"in2DMode":false,"pivot":{"x":25.676555633544923,"y":3.31089448928833,"z":-39.00324630737305},"rotation":{"x":0.13714736700057984,"y":-0.6190584301948547,"z":0.11054342240095139,"w":0.7658506035804749},"size":5.4312744140625,"orthographic":false}