{"cameraMode":{"drawMode":0,"name":"Shaded","section":"Shading Mode"},"sceneLighting":true,"audioPlay":false,"sceneViewState":{"showFog":true,"showMaterialUpdate":true,"showSkybox":true,"showFlares":true,"showImageEffects":true,"showParticleSystems":true},"in2DMode":false,"pivot":{"x":337.4649353027344,"y":-291.7724914550781,"z":1607.2967529296875},"rotation":{"x":0.09239175170660019,"y":0.09985200315713883,"z":-0.00937194935977459,"w":0.9906625151634216},"size":1687.016845703125,"orthographic":false}