{"cameraMode":{"drawMode":0,"name":"Shaded","section":"Shading Mode"},"sceneLighting":true,"audioPlay":false,"sceneViewState":{"showFog":true,"showMaterialUpdate":true,"showSkybox":true,"showFlares":true,"showImageEffects":true,"showParticleSystems":true},"in2DMode":false,"pivot":{"x":-1.411515235900879,"y":2.5098161697387697,"z":21.2576961517334},"rotation":{"x":-0.15546052157878877,"y":-0.09968188405036926,"z":0.015770364552736284,"w":-0.9826909303665161},"size":4.041658401489258,"orthographic":false}