{"cameraMode":{"drawMode":0,"name":"Shaded","section":"Shading Mode"},"sceneLighting":false,"audioPlay":false,"sceneViewState":{"showFog":true,"showMaterialUpdate":false,"showSkybox":false,"showFlares":true,"showImageEffects":true,"showParticleSystems":true},"in2DMode":false,"pivot":{"x":-3.210808038711548,"y":-21.24291229248047,"z":-11.794455528259278},"rotation":{"x":0.4661252200603485,"y":-0.08732438087463379,"z":0.046297796070575717,"w":0.8791811466217041},"size":26.235408782958986,"orthographic":false}