{"cameraMode":{"drawMode":0,"name":"Shaded","section":"Shading Mode"},"sceneLighting":true,"audioPlay":false,"sceneViewState":{"showFog":true,"showMaterialUpdate":true,"showSkybox":true,"showFlares":true,"showImageEffects":true,"showParticleSystems":true},"in2DMode":false,"pivot":{"x":5.443843364715576,"y":3.2900102138519289,"z":2.748303174972534},"rotation":{"x":-0.00231477920897305,"y":-0.9964932203292847,"z":0.038031768053770068,"w":-0.07708903402090073},"size":6.607542037963867,"orthographic":false}