{"cameraMode":{"drawMode":0,"name":"Shaded","section":"Shading Mode"},"sceneLighting":true,"audioPlay":false,"sceneViewState":{"showFog":true,"showMaterialUpdate":true,"showSkybox":true,"showFlares":true,"showImageEffects":true,"showParticleSystems":true},"in2DMode":false,"pivot":{"x":1043.437255859375,"y":-829.7500610351563,"z":1021.9232177734375},"rotation":{"x":-0.23651352524757386,"y":-0.3746340870857239,"z":0.09952657669782639,"w":-0.8909744620323181},"size":1687.016845703125,"orthographic":false}