{"cameraMode":{"drawMode":0,"name":"Shaded","section":"Shading Mode"},"sceneLighting":true,"audioPlay":false,"sceneViewState":{"showFog":true,"showMaterialUpdate":true,"showSkybox":true,"showFlares":true,"showImageEffects":true,"showParticleSystems":true},"in2DMode":false,"pivot":{"x":11.806394577026368,"y":-4.500585556030273,"z":20.56967544555664},"rotation":{"x":-0.20204775035381318,"y":-0.46283480525016787,"z":0.10911115258932114,"w":-0.8566306829452515},"size":27.41600227355957,"orthographic":false}