{"cameraMode":{"drawMode":0,"name":"Shaded","section":"Shading Mode"},"sceneLighting":false,"audioPlay":false,"sceneViewState":{"showFog":true,"showMaterialUpdate":false,"showSkybox":false,"showFlares":true,"showImageEffects":true,"showParticleSystems":true},"in2DMode":false,"pivot":{"x":0.0,"y":0.9186248779296875,"z":-0.05314585566520691},"rotation":{"x":-0.10753662139177323,"y":-0.06853725761175156,"z":0.007417881861329079,"w":-0.9918196201324463},"size":4.880529403686523,"orthographic":false}