{"cameraMode":{"drawMode":0,"name":"Shaded","section":"Shading Mode"},"sceneLighting":false,"audioPlay":false,"sceneViewState":{"showFog":true,"showMaterialUpdate":true,"showSkybox":false,"showFlares":true,"showImageEffects":true,"showParticleSystems":true},"in2DMode":false,"pivot":{"x":22.670000076293947,"y":1.4900000095367432,"z":-1.9523296356201172},"rotation":{"x":-0.00231477920897305,"y":-0.9964932203292847,"z":0.038031768053770068,"w":-0.07708903402090073},"size":2.857893466949463,"orthographic":false}