{"cameraMode":{"drawMode":0,"name":"Shaded","section":"Shading Mode"},"sceneLighting":false,"audioPlay":false,"sceneViewState":{"showFog":true,"showMaterialUpdate":true,"showSkybox":false,"showFlares":true,"showImageEffects":true,"showParticleSystems":true},"in2DMode":false,"pivot":{"x":7.6930975914001469,"y":1.233091950416565,"z":-35.98504638671875},"rotation":{"x":0.004654433112591505,"y":-0.9956453442573547,"z":0.07781751453876496,"w":0.05835138261318207},"size":1.9219517707824708,"orthographic":false}