{"cameraMode":{"drawMode":0,"name":"Shaded","section":"Shading Mode"},"sceneLighting":false,"audioPlay":false,"sceneViewState":{"showFog":true,"showMaterialUpdate":false,"showSkybox":false,"showFlares":true,"showImageEffects":true,"showParticleSystems":true},"in2DMode":false,"pivot":{"x":14.3975830078125,"y":-0.592595100402832,"z":-9.397778511047364},"rotation":{"x":0.06041624769568443,"y":-0.9338212013244629,"z":0.18875928223133088,"w":0.2980499565601349},"size":7.965412139892578,"orthographic":false}