{"cameraMode":{"drawMode":0,"name":"Shaded","section":"Shading Mode"},"sceneLighting":true,"audioPlay":false,"sceneViewState":{"showFog":true,"showMaterialUpdate":true,"showSkybox":true,"showFlares":true,"showImageEffects":true,"showParticleSystems":true},"in2DMode":false,"pivot":{"x":5.522147178649902,"y":1.694352388381958,"z":1.9390215873718262},"rotation":{"x":0.09626343101263046,"y":0.8504884243011475,"z":-0.1688833087682724,"w":0.4891360104084015},"size":6.307541847229004,"orthographic":false}