{"cameraMode":{"drawMode":0,"name":"Shaded","section":"Shading Mode"},"sceneLighting":true,"audioPlay":false,"sceneViewState":{"showFog":true,"showMaterialUpdate":true,"showSkybox":true,"showFlares":true,"showImageEffects":true,"showParticleSystems":true},"in2DMode":false,"pivot":{"x":-2.852163076400757,"y":3.207735776901245,"z":-24.47298240661621},"rotation":{"x":0.13489948213100434,"y":-0.5245394706726074,"z":0.08466136455535889,"w":0.8366824984550476},"size":4.041658401489258,"orthographic":false}