{"cameraMode":{"drawMode":0,"name":"Shaded","section":"Shading Mode"},"sceneLighting":false,"audioPlay":false,"sceneViewState":{"showFog":true,"showMaterialUpdate":false,"showSkybox":false,"showFlares":true,"showImageEffects":true,"showParticleSystems":true},"in2DMode":false,"pivot":{"x":499.698486328125,"y":563.4110717773438,"z":-649.1854858398438},"rotation":{"x":0.08090817183256149,"y":0.008970413357019425,"z":-0.0007290075882337987,"w":0.9966835379600525},"size":38.988319396972659,"orthographic":false}