{"cameraMode":{"drawMode":0,"name":"Shaded","section":"Shading Mode"},"sceneLighting":true,"audioPlay":false,"sceneViewState":{"showFog":true,"showMaterialUpdate":true,"showSkybox":true,"showFlares":true,"showImageEffects":true,"showParticleSystems":true},"in2DMode":false,"pivot":{"x":12.837312698364258,"y":-20.252334594726564,"z":20.960140228271486},"rotation":{"x":0.26267269253730776,"y":0.24456846714019776,"z":-0.069292351603508,"w":0.9308661818504334},"size":71.74061584472656,"orthographic":false}