{"cameraMode":{"drawMode":0,"name":"Shaded","section":"Shading Mode"},"sceneLighting":true,"audioPlay":false,"sceneViewState":{"showFog":true,"showMaterialUpdate":true,"showSkybox":true,"showFlares":true,"showImageEffects":true,"showParticleSystems":true},"in2DMode":false,"pivot":{"x":-75.62844848632813,"y":-330.96795654296877,"z":278.1110534667969},"rotation":{"x":0.3967118561267853,"y":-0.10897926241159439,"z":0.04743048548698425,"w":0.910243809223175},"size":460.50457763671877,"orthographic":false}