{"cameraMode":{"drawMode":0,"name":"Shaded","section":"Shading Mode"},"sceneLighting":true,"audioPlay":false,"sceneViewState":{"showFog":true,"showMaterialUpdate":true,"showSkybox":true,"showFlares":true,"showImageEffects":true,"showParticleSystems":true},"in2DMode":false,"pivot":{"x":28.661781311035158,"y":3.9506664276123049,"z":-35.17301559448242},"rotation":{"x":0.11318809539079666,"y":-0.19136947393417359,"z":0.02193296141922474,"w":0.975128173828125},"size":5.4312744140625,"orthographic":false}