{"cameraMode":{"drawMode":0,"name":"Shaded","section":"Shading Mode"},"sceneLighting":false,"audioPlay":false,"sceneViewState":{"showFog":true,"showMaterialUpdate":false,"showSkybox":false,"showFlares":true,"showImageEffects":true,"showParticleSystems":true},"in2DMode":false,"pivot":{"x":12.313736915588379,"y":-0.5847920775413513,"z":-6.96346378326416},"rotation":{"x":0.15686044096946717,"y":-0.6891675591468811,"z":0.15661147236824037,"w":0.6899622678756714},"size":5.541659355163574,"orthographic":false}