{"cameraMode":{"drawMode":0,"name":"Shaded","section":"Shading Mode"},"sceneLighting":true,"audioPlay":false,"sceneViewState":{"showFog":true,"showMaterialUpdate":true,"showSkybox":true,"showFlares":true,"showImageEffects":true,"showParticleSystems":true},"in2DMode":false,"pivot":{"x":-629.127197265625,"y":-1107.3245849609375,"z":2459.1044921875},"rotation":{"x":0.2190617173910141,"y":-0.18520031869411469,"z":0.04232623428106308,"w":0.9570660591125488},"size":3365.6484375,"orthographic":false}