{"cameraMode":{"drawMode":0,"name":"Shaded","section":"Shading Mode"},"sceneLighting":false,"audioPlay":false,"sceneViewState":{"showFog":true,"showMaterialUpdate":false,"showSkybox":false,"showFlares":true,"showImageEffects":true,"showParticleSystems":true},"in2DMode":false,"pivot":{"x":15.31649398803711,"y":0.46999967098236086,"z":-7.79116678237915},"rotation":{"x":0.04406457766890526,"y":-0.8843545913696289,"z":0.0851304829120636,"w":0.45701366662979128},"size":4.041658401489258,"orthographic":false}