{"cameraMode":{"drawMode":0,"name":"Shaded","section":"Shading Mode"},"sceneLighting":true,"audioPlay":false,"sceneViewState":{"showFog":true,"showMaterialUpdate":true,"showSkybox":true,"showFlares":true,"showImageEffects":true,"showParticleSystems":true},"in2DMode":false,"pivot":{"x":24.242210388183595,"y":-2.122976541519165,"z":-23.247068405151368},"rotation":{"x":0.3245154321193695,"y":-0.3217650055885315,"z":0.11824104189872742,"w":0.8820239305496216},"size":5.4312744140625,"orthographic":false}