{"cameraMode":{"drawMode":0,"name":"Shaded","section":"Shading Mode"},"sceneLighting":true,"audioPlay":false,"sceneViewState":{"showFog":true,"showMaterialUpdate":true,"showSkybox":true,"showFlares":true,"showImageEffects":true,"showParticleSystems":true},"in2DMode":false,"pivot":{"x":-7.960623264312744,"y":-7.6252264976501469,"z":-14.455108642578125},"rotation":{"x":0.036996010690927508,"y":-0.9585053324699402,"z":0.24462349712848664,"w":0.14428456127643586},"size":22.0,"orthographic":false}