{"cameraMode":{"drawMode":0,"name":"Shaded","section":"Shading Mode"},"sceneLighting":false,"audioPlay":false,"sceneViewState":{"showFog":true,"showMaterialUpdate":true,"showSkybox":false,"showFlares":true,"showImageEffects":true,"showParticleSystems":true},"in2DMode":false,"pivot":{"x":0.09249893575906754,"y":1.1691043376922608,"z":-0.73038649559021},"rotation":{"x":0.28479471802711489,"y":0.06607605516910553,"z":-0.01968255080282688,"w":0.9561090469360352},"size":0.5391554832458496,"orthographic":false}