{"cameraMode":{"drawMode":0,"name":"Shaded","section":"Shading Mode"},"sceneLighting":false,"audioPlay":false,"sceneViewState":{"showFog":true,"showMaterialUpdate":true,"showSkybox":false,"showFlares":true,"showImageEffects":true,"showParticleSystems":true},"in2DMode":false,"pivot":{"x":-3.5299999713897707,"y":2.2699999809265138,"z":5.159999847412109},"rotation":{"x":0.04805082455277443,"y":-0.9518787264823914,"z":0.22026531398296357,"w":0.207663431763649},"size":2.8578929901123049,"orthographic":false}