{"cameraMode":{"drawMode":0,"name":"Shaded","section":"Shading Mode"},"sceneLighting":false,"audioPlay":false,"sceneViewState":{"showFog":true,"showMaterialUpdate":true,"showSkybox":false,"showFlares":true,"showImageEffects":true,"showParticleSystems":true},"in2DMode":false,"pivot":{"x":1.1920928955078126e-7,"y":0.4144461154937744,"z":-0.09899204969406128},"rotation":{"x":0.26267269253730776,"y":0.24456846714019776,"z":-0.069292351603508,"w":0.9308661818504334},"size":5.255068778991699,"orthographic":false}