{"cameraMode":{"drawMode":0,"name":"Shaded","section":"Shading Mode"},"sceneLighting":false,"audioPlay":false,"sceneViewState":{"showFog":true,"showMaterialUpdate":true,"showSkybox":false,"showFlares":true,"showImageEffects":true,"showParticleSystems":true},"in2DMode":false,"pivot":{"x":-0.8354218006134033,"y":2.212616443634033,"z":5.25546932220459},"rotation":{"x":0.023405181244015695,"y":-0.9766055345535278,"z":0.15149550139904023,"w":0.15089331567287446},"size":2.857893466949463,"orthographic":false}