{"cameraMode":{"drawMode":0,"name":"Shaded","section":"Shading Mode"},"sceneLighting":true,"audioPlay":false,"sceneViewState":{"showFog":true,"showMaterialUpdate":true,"showSkybox":true,"showFlares":true,"showImageEffects":true,"showParticleSystems":true},"in2DMode":false,"pivot":{"x":7.260012149810791,"y":2.254894256591797,"z":-0.3078000247478485},"rotation":{"x":0.01802203059196472,"y":0.9700663685798645,"z":-0.0795099288225174,"w":0.22953619062900544},"size":9.120451927185059,"orthographic":false}