{"cameraMode":{"drawMode":0,"name":"Shaded","section":"Shading Mode"},"sceneLighting":true,"audioPlay":false,"sceneViewState":{"showFog":true,"showMaterialUpdate":true,"showSkybox":true,"showFlares":true,"showImageEffects":true,"showParticleSystems":true},"in2DMode":false,"pivot":{"x":885.7340698242188,"y":1195.141357421875,"z":1920.841796875},"rotation":{"x":-0.10769522935152054,"y":-0.04174305871129036,"z":-0.004525879863649607,"w":0.9932977557182312},"size":2579.64990234375,"orthographic":false}