{"cameraMode":{"drawMode":0,"name":"Shaded","section":"Shading Mode"},"sceneLighting":false,"audioPlay":false,"sceneViewState":{"showFog":true,"showMaterialUpdate":true,"showSkybox":false,"showFlares":true,"showImageEffects":true,"showParticleSystems":true},"in2DMode":false,"pivot":{"x":-14.199999809265137,"y":3.910545825958252,"z":-27.34000015258789},"rotation":{"x":0.23636040091514588,"y":-0.7223440408706665,"z":0.294430136680603,"w":0.5800436735153198},"size":2.078223943710327,"orthographic":false}