{"cameraMode":{"drawMode":0,"name":"Shaded","section":"Shading Mode"},"sceneLighting":true,"audioPlay":false,"sceneViewState":{"showFog":true,"showMaterialUpdate":true,"showSkybox":true,"showFlares":true,"showImageEffects":true,"showParticleSystems":true},"in2DMode":false,"pivot":{"x":-1105.974609375,"y":-559.436279296875,"z":-1676.8011474609375},"rotation":{"x":-0.03852980211377144,"y":0.9508587121963501,"z":-0.1299239695072174,"w":-0.27926433086395266},"size":2115.93017578125,"orthographic":false}