{"cameraMode":{"drawMode":0,"name":"Shaded","section":"Shading Mode"},"sceneLighting":false,"audioPlay":false,"sceneViewState":{"showFog":true,"showMaterialUpdate":true,"showSkybox":false,"showFlares":true,"showImageEffects":true,"showParticleSystems":true},"in2DMode":false,"pivot":{"x":3.1701250076293947,"y":-5.946603298187256,"z":15.837997436523438},"rotation":{"x":-0.15036700665950776,"y":0.08536447584629059,"z":-0.012959662824869156,"w":-0.984872579574585},"size":22.0,"orthographic":false}