{"cameraMode":{"drawMode":0,"name":"Shaded","section":"Shading Mode"},"sceneLighting":true,"audioPlay":false,"sceneViewState":{"showFog":true,"showMaterialUpdate":true,"showSkybox":true,"showFlares":true,"showImageEffects":true,"showParticleSystems":true},"in2DMode":false,"pivot":{"x":-4.975571632385254,"y":-3.0049962997436525,"z":1.400014877319336},"rotation":{"x":-0.025054724887013437,"y":0.9705198407173157,"z":-0.20990493893623353,"w":-0.11584775894880295},"size":19.42064094543457,"orthographic":false}