{"cameraMode":{"drawMode":0,"name":"Shaded","section":"Shading Mode"},"sceneLighting":false,"audioPlay":false,"sceneViewState":{"showFog":true,"showMaterialUpdate":true,"showSkybox":false,"showFlares":true,"showImageEffects":true,"showParticleSystems":true},"in2DMode":false,"pivot":{"x":-3.5299999713897707,"y":0.5799999237060547,"z":10.15999984741211},"rotation":{"x":0.04493071883916855,"y":-0.9550753235816956,"z":0.2059628665447235,"w":0.20836076140403748},"size":2.8578929901123049,"orthographic":false}