{"cameraMode":{"drawMode":0,"name":"Shaded","section":"Shading Mode"},"sceneLighting":false,"audioPlay":false,"sceneViewState":{"showFog":true,"showMaterialUpdate":true,"showSkybox":false,"showFlares":true,"showImageEffects":true,"showParticleSystems":true},"in2DMode":false,"pivot":{"x":845.3342895507813,"y":-128.777587890625,"z":168.1289520263672},"rotation":{"x":-0.18174991011619569,"y":0.05597719922661781,"z":-0.010023534297943116,"w":-0.9819465279579163},"size":303.47564697265627,"orthographic":false}