{"cameraMode":{"drawMode":0,"name":"Shaded","section":"Shading Mode"},"sceneLighting":true,"audioPlay":false,"sceneViewState":{"showFog":true,"showMaterialUpdate":true,"showSkybox":true,"showFlares":true,"showImageEffects":true,"showParticleSystems":true},"in2DMode":false,"pivot":{"x":4.418027400970459,"y":14.362980842590332,"z":13.263893127441407},"rotation":{"x":0.09718528389930725,"y":-0.8601962327957153,"z":0.17876480519771577,"w":0.4676756262779236},"size":3.989082098007202,"orthographic":false}