{"cameraMode":{"drawMode":0,"name":"Shaded","section":"Shading Mode"},"sceneLighting":false,"audioPlay":false,"sceneViewState":{"showFog":true,"showMaterialUpdate":false,"showSkybox":false,"showFlares":true,"showImageEffects":true,"showParticleSystems":true},"in2DMode":false,"pivot":{"x":530.9075317382813,"y":406.7179260253906,"z":7.716107368469238},"rotation":{"x":-0.06158098205924034,"y":0.35711023211479189,"z":0.023615675047039987,"w":0.9317572116851807},"size":22.0,"orthographic":false}