{"cameraMode":{"drawMode":0,"name":"Shaded","section":"Shading Mode"},"sceneLighting":false,"audioPlay":false,"sceneViewState":{"showFog":true,"showMaterialUpdate":false,"showSkybox":false,"showFlares":true,"showImageEffects":true,"showParticleSystems":true},"in2DMode":false,"pivot":{"x":376.7178955078125,"y":235.33523559570313,"z":-28.45355224609375},"rotation":{"x":0.10441078990697861,"y":-0.08641181141138077,"z":0.009106726385653019,"w":0.9907317161560059},"size":784.7547607421875,"orthographic":false}