{"cameraMode":{"drawMode":0,"name":"Shaded","section":"Shading Mode"},"sceneLighting":false,"audioPlay":false,"sceneViewState":{"showFog":true,"showMaterialUpdate":false,"showSkybox":false,"showFlares":true,"showImageEffects":true,"showParticleSystems":true},"in2DMode":false,"pivot":{"x":60.82577896118164,"y":-31.128358840942384,"z":27.297969818115236},"rotation":{"x":-0.17800137400627137,"y":-0.5182051062583923,"z":0.11130844801664353,"w":-0.8291576504707336},"size":80.63485717773438,"orthographic":false}