{"cameraMode":{"drawMode":0,"name":"Shaded","section":"Shading Mode"},"sceneLighting":false,"audioPlay":false,"sceneViewState":{"showFog":true,"showMaterialUpdate":true,"showSkybox":false,"showFlares":true,"showImageEffects":true,"showParticleSystems":true},"in2DMode":false,"pivot":{"x":504.3976135253906,"y":424.89434814453127,"z":-90.19932556152344},"rotation":{"x":0.047432586550712588,"y":0.2831602990627289,"z":0.014088304713368416,"w":-0.9578115940093994},"size":134.30027770996095,"orthographic":false}