{"cameraMode":{"drawMode":0,"name":"Shaded","section":"Shading Mode"},"sceneLighting":false,"audioPlay":false,"sceneViewState":{"showFog":true,"showMaterialUpdate":true,"showSkybox":false,"showFlares":true,"showImageEffects":true,"showParticleSystems":true},"in2DMode":false,"pivot":{"x":-14.78539752960205,"y":-1.4416942596435547,"z":-34.163490295410159},"rotation":{"x":0.2782943546772003,"y":-0.6604267358779907,"z":0.2897137701511383,"w":0.634394109249115},"size":5.445234775543213,"orthographic":false}