{"cameraMode":{"drawMode":0,"name":"Shaded","section":"Shading Mode"},"sceneLighting":true,"audioPlay":false,"sceneViewState":{"showFog":true,"showMaterialUpdate":true,"showSkybox":true,"showFlares":true,"showImageEffects":true,"showParticleSystems":true},"in2DMode":false,"pivot":{"x":28.53159523010254,"y":0.7413970232009888,"z":-21.249826431274415},"rotation":{"x":-0.17503860592842103,"y":0.3917520344257355,"z":-0.07619444280862808,"w":-0.90049147605896},"size":5.4312744140625,"orthographic":false}