{"cameraMode":{"drawMode":0,"name":"Shaded","section":"Shading Mode"},"sceneLighting":false,"audioPlay":false,"sceneViewState":{"showFog":true,"showMaterialUpdate":true,"showSkybox":false,"showFlares":true,"showImageEffects":true,"showParticleSystems":true},"in2DMode":false,"pivot":{"x":22.77981185913086,"y":1.5324745178222657,"z":-2.3322527408599855},"rotation":{"x":0.03804459795355797,"y":-0.9596149325370789,"z":0.23379920423030854,"w":0.15303237736225129},"size":2.857893466949463,"orthographic":false}