{"cameraMode":{"drawMode":0,"name":"Shaded","section":"Shading Mode"},"sceneLighting":false,"audioPlay":false,"sceneViewState":{"showFog":true,"showMaterialUpdate":true,"showSkybox":false,"showFlares":true,"showImageEffects":true,"showParticleSystems":true},"in2DMode":false,"pivot":{"x":-4.930479049682617,"y":0.8920201659202576,"z":14.38060188293457},"rotation":{"x":-0.010982834734022618,"y":-0.9856528639793396,"z":0.1528988480567932,"w":-0.07079702615737915},"size":2.857893466949463,"orthographic":false}