{"cameraMode":{"drawMode":0,"name":"Shaded","section":"Shading Mode"},"sceneLighting":true,"audioPlay":false,"sceneViewState":{"showFog":true,"showMaterialUpdate":true,"showSkybox":true,"showFlares":true,"showImageEffects":true,"showParticleSystems":true},"in2DMode":false,"pivot":{"x":0.6362929344177246,"y":-1.4400873184204102,"z":9.678325653076172},"rotation":{"x":-0.004351064562797546,"y":0.9897391200065613,"z":-0.13987821340560914,"w":-0.03056895174086094},"size":22.0,"orthographic":false}