{"cameraMode":{"drawMode":0,"name":"Shaded","section":"Shading Mode"},"sceneLighting":false,"audioPlay":false,"sceneViewState":{"showFog":true,"showMaterialUpdate":false,"showSkybox":false,"showFlares":true,"showImageEffects":true,"showParticleSystems":true},"in2DMode":false,"pivot":{"x":-6.7411041259765629,"y":23.623991012573243,"z":-38.36036682128906},"rotation":{"x":0.009753094054758549,"y":-0.5847603678703308,"z":-0.006992741022258997,"w":-0.811188817024231},"size":80.63485717773438,"orthographic":false}