{"cameraMode":{"drawMode":0,"name":"Shaded","section":"Shading Mode"},"sceneLighting":false,"audioPlay":false,"sceneViewState":{"showFog":true,"showMaterialUpdate":true,"showSkybox":false,"showFlares":true,"showImageEffects":true,"showParticleSystems":true},"in2DMode":false,"pivot":{"x":0.04474194347858429,"y":1.2137194871902466,"z":-0.7001104950904846},"rotation":{"x":0.23913316428661347,"y":0.014563856646418572,"z":-0.003587727900594473,"w":0.9708737730979919},"size":0.5391554832458496,"orthographic":false}