{"cameraMode":{"drawMode":0,"name":"Shaded","section":"Shading Mode"},"sceneLighting":true,"audioPlay":false,"sceneViewState":{"showFog":true,"showMaterialUpdate":true,"showSkybox":true,"showFlares":true,"showImageEffects":true,"showParticleSystems":true},"in2DMode":false,"pivot":{"x":97.76325225830078,"y":-565.9412841796875,"z":1568.028076171875},"rotation":{"x":-0.1715947389602661,"y":-0.024175062775611879,"z":0.004274839069694281,"w":-0.9848750829696655},"size":1687.016845703125,"orthographic":false}