{"cameraMode":{"drawMode":0,"name":"Shaded","section":"Shading Mode"},"sceneLighting":true,"audioPlay":false,"sceneViewState":{"showFog":true,"showMaterialUpdate":true,"showSkybox":true,"showFlares":true,"showImageEffects":true,"showParticleSystems":true},"in2DMode":false,"pivot":{"x":-4.62852668762207,"y":2.6237924098968508,"z":-32.65330123901367},"rotation":{"x":0.06080788001418114,"y":-0.9279102087020874,"z":0.17217260599136353,"w":0.325476735830307},"size":7.14284610748291,"orthographic":false}