{"cameraMode":{"drawMode":0,"name":"Shaded","section":"Shading Mode"},"sceneLighting":false,"audioPlay":false,"sceneViewState":{"showFog":true,"showMaterialUpdate":false,"showSkybox":false,"showFlares":true,"showImageEffects":true,"showParticleSystems":true},"in2DMode":false,"pivot":{"x":4.171947479248047,"y":0.17000004649162293,"z":-3.1878833770751955},"rotation":{"x":0.10177980363368988,"y":-0.6579883098602295,"z":0.09033285826444626,"w":0.7407183647155762},"size":4.041658401489258,"orthographic":false}