{"cameraMode":{"drawMode":0,"name":"Shaded","section":"Shading Mode"},"sceneLighting":false,"audioPlay":false,"sceneViewState":{"showFog":true,"showMaterialUpdate":true,"showSkybox":false,"showFlares":true,"showImageEffects":true,"showParticleSystems":true},"in2DMode":false,"pivot":{"x":14.631851196289063,"y":0.800502598285675,"z":15.288910865783692},"rotation":{"x":0.004498343449085951,"y":-0.0500323586165905,"z":-0.00015194651496130973,"w":-0.9987552762031555},"size":22.0,"orthographic":false}