{"cameraMode":{"drawMode":0,"name":"Shaded","section":"Shading Mode"},"sceneLighting":true,"audioPlay":false,"sceneViewState":{"showFog":true,"showMaterialUpdate":true,"showSkybox":true,"showFlares":true,"showImageEffects":true,"showParticleSystems":true},"in2DMode":false,"pivot":{"x":0.2123597413301468,"y":11.477790832519532,"z":15.22669792175293},"rotation":{"x":0.006920438725501299,"y":-0.9496113061904907,"z":0.3132055997848511,"w":0.01975349895656109},"size":7.14284610748291,"orthographic":false}