{"cameraMode":{"drawMode":0,"name":"Shaded","section":"Shading Mode"},"sceneLighting":true,"audioPlay":false,"sceneViewState":{"showFog":true,"showMaterialUpdate":true,"showSkybox":true,"showFlares":true,"showImageEffects":true,"showParticleSystems":true},"in2DMode":false,"pivot":{"x":31.576175689697267,"y":4.005781650543213,"z":14.082731246948243},"rotation":{"x":0.015223085880279541,"y":0.44481244683265688,"z":-0.007788372691720724,"w":0.8955296277999878},"size":49.635459899902347,"orthographic":false}