{"cameraMode":{"drawMode":0,"name":"Shaded","section":"Shading Mode"},"sceneLighting":false,"audioPlay":false,"sceneViewState":{"showFog":true,"showMaterialUpdate":true,"showSkybox":false,"showFlares":true,"showImageEffects":true,"showParticleSystems":true},"in2DMode":false,"pivot":{"x":-0.0004126429557800293,"y":0.19382616877555848,"z":-0.0003374814987182617},"rotation":{"x":-0.000060689126257784665,"y":0.9997563362121582,"z":-3.314945047350193e-7,"w":0.02314973995089531},"size":1.3344088792800904,"orthographic":false}