{"cameraMode":{"drawMode":0,"name":"Shaded","section":"Shading Mode"},"sceneLighting":false,"audioPlay":false,"sceneViewState":{"showFog":true,"showMaterialUpdate":false,"showSkybox":false,"showFlares":true,"showImageEffects":true,"showParticleSystems":true},"in2DMode":false,"pivot":{"x":9.729999542236329,"y":0.20000001788139344,"z":-4.372313499450684},"rotation":{"x":-0.11726512014865875,"y":-0.5582058429718018,"z":0.08012668788433075,"w":-0.8175272345542908},"size":4.041658401489258,"orthographic":false}