{"cameraMode":{"drawMode":0,"name":"Shaded","section":"Shading Mode"},"sceneLighting":true,"audioPlay":false,"sceneViewState":{"showFog":true,"showMaterialUpdate":true,"showSkybox":true,"showFlares":true,"showImageEffects":true,"showParticleSystems":true},"in2DMode":false,"pivot":{"x":-0.7828606963157654,"y":2.830880641937256,"z":26.361948013305665},"rotation":{"x":-0.14544795453548432,"y":-0.07619757950305939,"z":0.011218720115721226,"w":-0.9863899946212769},"size":3.989082098007202,"orthographic":false}