{"cameraMode":{"drawMode":0,"name":"Shaded","section":"Shading Mode"},"sceneLighting":true,"audioPlay":false,"sceneViewState":{"showFog":true,"showMaterialUpdate":true,"showSkybox":true,"showFlares":true,"showImageEffects":true,"showParticleSystems":true},"in2DMode":false,"pivot":{"x":7.060593128204346,"y":25.318330764770509,"z":22.449962615966798},"rotation":{"x":0.10755646973848343,"y":-0.8790542483329773,"z":0.3998614549636841,"w":0.23647932708263398},"size":0.8497230410575867,"orthographic":false}