{"cameraMode":{"drawMode":0,"name":"Shaded","section":"Shading Mode"},"sceneLighting":false,"audioPlay":false,"sceneViewState":{"showFog":true,"showMaterialUpdate":false,"showSkybox":false,"showFlares":true,"showImageEffects":true,"showParticleSystems":true},"in2DMode":false,"pivot":{"x":512.0308227539063,"y":383.9673767089844,"z":-0.161260187625885},"rotation":{"x":0.17646248638629914,"y":-0.6599411368370056,"z":-0.16359613835811616,"w":-0.7118217945098877},"size":12.317669868469239,"orthographic":false}