{"cameraMode":{"drawMode":0,"name":"Shaded","section":"Shading Mode"},"sceneLighting":true,"audioPlay":false,"sceneViewState":{"showFog":true,"showMaterialUpdate":true,"showSkybox":true,"showFlares":true,"showImageEffects":true,"showParticleSystems":true},"in2DMode":false,"pivot":{"x":-35.656883239746097,"y":0.6446419358253479,"z":3.9037013053894045},"rotation":{"x":-0.08207719027996063,"y":0.8370361924171448,"z":-0.12990035116672517,"w":-0.5259181261062622},"size":5.351156711578369,"orthographic":false}