{"cameraMode":{"drawMode":0,"name":"Shaded","section":"Shading Mode"},"sceneLighting":false,"audioPlay":false,"sceneViewState":{"showFog":true,"showMaterialUpdate":true,"showSkybox":false,"showFlares":true,"showImageEffects":true,"showParticleSystems":true},"in2DMode":false,"pivot":{"x":-13.577249526977539,"y":0.34157052636146548,"z":-12.865639686584473},"rotation":{"x":-0.1937180757522583,"y":0.6469877362251282,"z":-0.17483708262443543,"w":-0.7164938449859619},"size":2.9634580612182619,"orthographic":false}