{"cameraMode":{"drawMode":0,"name":"Shaded","section":"Shading Mode"},"sceneLighting":false,"audioPlay":false,"sceneViewState":{"showFog":true,"showMaterialUpdate":true,"showSkybox":false,"showFlares":true,"showImageEffects":true,"showParticleSystems":true},"in2DMode":false,"pivot":{"x":-5.507309436798096,"y":0.551867663860321,"z":-4.246034145355225},"rotation":{"x":-0.000060689126257784665,"y":0.9997563362121582,"z":-3.314945047350193e-7,"w":0.02314973995089531},"size":1.9219489097595215,"orthographic":false}