{"cameraMode":{"drawMode":0,"name":"Shaded","section":"Shading Mode"},"sceneLighting":true,"audioPlay":false,"sceneViewState":{"showFog":true,"showMaterialUpdate":true,"showSkybox":true,"showFlares":true,"showImageEffects":true,"showParticleSystems":true},"in2DMode":false,"pivot":{"x":-19.564376831054689,"y":1.5791616439819337,"z":11.285219192504883},"rotation":{"x":0.01771029457449913,"y":-0.9490060210227966,"z":0.3101758360862732,"w":0.054126955568790439},"size":24.02454948425293,"orthographic":false}