{"cameraMode":{"drawMode":0,"name":"Shaded","section":"Shading Mode"},"sceneLighting":false,"audioPlay":false,"sceneViewState":{"showFog":true,"showMaterialUpdate":true,"showSkybox":false,"showFlares":true,"showImageEffects":true,"showParticleSystems":true},"in2DMode":false,"pivot":{"x":22.618022918701173,"y":1.8422815799713135,"z":-2.2297189235687258},"rotation":{"x":0.01408638246357441,"y":-0.97855144739151,"z":0.19535741209983827,"w":0.06681402772665024},"size":2.857893466949463,"orthographic":false}