{"cameraMode":{"drawMode":0,"name":"Shaded","section":"Shading Mode"},"sceneLighting":true,"audioPlay":false,"sceneViewState":{"showFog":true,"showMaterialUpdate":true,"showSkybox":true,"showFlares":true,"showImageEffects":true,"showParticleSystems":true},"in2DMode":false,"pivot":{"x":2.201754093170166,"y":14.841076850891114,"z":-20.757423400878908},"rotation":{"x":-0.1264876127243042,"y":-0.8703614473342896,"z":0.37499117851257326,"w":-0.29364845156669619},"size":2.078223943710327,"orthographic":false}