{"cameraMode":{"drawMode":0,"name":"Shaded","section":"Shading Mode"},"sceneLighting":true,"audioPlay":false,"sceneViewState":{"showFog":true,"showMaterialUpdate":true,"showSkybox":true,"showFlares":true,"showImageEffects":true,"showParticleSystems":true},"in2DMode":false,"pivot":{"x":-5.703054904937744,"y":1.2613439559936524,"z":-15.46218490600586},"rotation":{"x":-0.24136841297149659,"y":0.031441498547792438,"z":-0.007836630567908287,"w":-0.9699233770370483},"size":3.989082098007202,"orthographic":false}