{"cameraMode":{"drawMode":0,"name":"Shaded","section":"Shading Mode"},"sceneLighting":false,"audioPlay":false,"sceneViewState":{"showFog":true,"showMaterialUpdate":true,"showSkybox":false,"showFlares":true,"showImageEffects":true,"showParticleSystems":true},"in2DMode":false,"pivot":{"x":0.0,"y":0.0015368610620498658,"z":0.1329362690448761},"rotation":{"x":-0.10889799147844315,"y":0.743821382522583,"z":-0.12494052201509476,"w":-0.6475712656974793},"size":0.7157217264175415,"orthographic":false}