{"cameraMode":{"drawMode":0,"name":"Shaded","section":"Shading Mode"},"sceneLighting":true,"audioPlay":false,"sceneViewState":{"showFog":true,"showMaterialUpdate":true,"showSkybox":true,"showFlares":true,"showImageEffects":true,"showParticleSystems":true},"in2DMode":false,"pivot":{"x":3.5492115020751955,"y":4.510308265686035,"z":42.04231262207031},"rotation":{"x":0.15338115394115449,"y":0.8048386573791504,"z":-0.23633049428462983,"w":0.5224100947380066},"size":5.335258483886719,"orthographic":false}