{"cameraMode":{"drawMode":0,"name":"Shaded","section":"Shading Mode"},"sceneLighting":false,"audioPlay":false,"sceneViewState":{"showFog":true,"showMaterialUpdate":false,"showSkybox":false,"showFlares":true,"showImageEffects":true,"showParticleSystems":true},"in2DMode":false,"pivot":{"x":-2.3401131629943849,"y":1.9815800189971924,"z":2.273939371109009},"rotation":{"x":-0.0075456914491951469,"y":0.863601565361023,"z":0.012964380905032158,"w":0.5040258765220642},"size":4.843173027038574,"orthographic":false}