{"cameraMode":{"drawMode":0,"name":"Shaded","section":"Shading Mode"},"sceneLighting":true,"audioPlay":false,"sceneViewState":{"showFog":true,"showMaterialUpdate":true,"showSkybox":true,"showFlares":true,"showImageEffects":true,"showParticleSystems":true},"in2DMode":false,"pivot":{"x":43.098350524902347,"y":-7.984101295471191,"z":-21.031362533569337},"rotation":{"x":-0.18506141006946565,"y":-0.7420145869255066,"z":0.22782905399799348,"w":-0.6027510166168213},"size":24.02454948425293,"orthographic":false}