{"cameraMode":{"drawMode":0,"name":"Shaded","section":"Shading Mode"},"sceneLighting":false,"audioPlay":false,"sceneViewState":{"showFog":true,"showMaterialUpdate":true,"showSkybox":false,"showFlares":true,"showImageEffects":true,"showParticleSystems":true},"in2DMode":false,"pivot":{"x":6.3687872886657719,"y":-0.8999999761581421,"z":-3.8818845748901369},"rotation":{"x":-0.21563605964183808,"y":0.03754909336566925,"z":-0.008225047960877419,"w":-0.9757346510887146},"size":22.0,"orthographic":false}