{"cameraMode":{"drawMode":0,"name":"Shaded","section":"Shading Mode"},"sceneLighting":true,"audioPlay":false,"sceneViewState":{"showFog":true,"showMaterialUpdate":true,"showSkybox":true,"showFlares":true,"showImageEffects":true,"showParticleSystems":true},"in2DMode":false,"pivot":{"x":8.541923522949219,"y":-0.3484206199645996,"z":10.256315231323243},"rotation":{"x":-0.2177155762910843,"y":-0.3935275971889496,"z":0.09693584591150284,"w":-0.888058602809906},"size":7.14284610748291,"orthographic":false}