{"cameraMode":{"drawMode":0,"name":"Shaded","section":"Shading Mode"},"sceneLighting":false,"audioPlay":false,"sceneViewState":{"showFog":true,"showMaterialUpdate":true,"showSkybox":false,"showFlares":true,"showImageEffects":true,"showParticleSystems":true},"in2DMode":false,"pivot":{"x":-21.754566192626954,"y":1.578772783279419,"z":30.153118133544923},"rotation":{"x":-0.001093054423108697,"y":-0.9883972406387329,"z":0.15180669724941255,"w":-0.007120898924767971},"size":22.0,"orthographic":false}