{"cameraMode":{"drawMode":0,"name":"Shaded","section":"Shading Mode"},"sceneLighting":true,"audioPlay":false,"sceneViewState":{"showFog":true,"showMaterialUpdate":true,"showSkybox":true,"showFlares":true,"showImageEffects":true,"showParticleSystems":true},"in2DMode":false,"pivot":{"x":-38.3790397644043,"y":-0.5259757041931152,"z":-2.0392165184020998},"rotation":{"x":-0.04229877144098282,"y":0.9573162794113159,"z":-0.1752595603466034,"w":-0.2277996987104416},"size":5.351156711578369,"orthographic":false}