{"cameraMode":{"drawMode":0,"name":"Shaded","section":"Shading Mode"},"sceneLighting":true,"audioPlay":false,"sceneViewState":{"showFog":true,"showMaterialUpdate":true,"showSkybox":true,"showFlares":true,"showImageEffects":true,"showParticleSystems":true},"in2DMode":false,"pivot":{"x":0.5669755935668945,"y":-2.382564067840576,"z":-20.719017028808595},"rotation":{"x":0.09133446961641312,"y":0.21411533653736115,"z":-0.020023342221975328,"w":0.9727149605751038},"size":27.41600227355957,"orthographic":false}