{"cameraMode":{"drawMode":0,"name":"Shaded","section":"Shading Mode"},"sceneLighting":false,"audioPlay":false,"sceneViewState":{"showFog":true,"showMaterialUpdate":true,"showSkybox":false,"showFlares":true,"showImageEffects":true,"showParticleSystems":true},"in2DMode":false,"pivot":{"x":-6.247558116912842,"y":-4.479707717895508,"z":17.667613983154298},"rotation":{"x":-0.11970897763967514,"y":0.009885089471936226,"z":-0.0011200904846191407,"w":-0.9927767515182495},"size":22.0,"orthographic":false}