{"cameraMode":{"drawMode":0,"name":"Shaded","section":"Shading Mode"},"sceneLighting":true,"audioPlay":false,"sceneViewState":{"showFog":true,"showMaterialUpdate":true,"showSkybox":true,"showFlares":true,"showImageEffects":true,"showParticleSystems":true},"in2DMode":false,"pivot":{"x":-4.453945159912109,"y":-3.2539315223693849,"z":11.269081115722657},"rotation":{"x":-0.02887115441262722,"y":0.9708837866783142,"z":-0.18058067560195924,"w":-0.15506230294704438},"size":22.0,"orthographic":false}