{"cameraMode":{"drawMode":0,"name":"Shaded","section":"Shading Mode"},"sceneLighting":true,"audioPlay":false,"sceneViewState":{"showFog":true,"showMaterialUpdate":true,"showSkybox":true,"showFlares":true,"showImageEffects":true,"showParticleSystems":true},"in2DMode":false,"pivot":{"x":-362.8249206542969,"y":-780.8905639648438,"z":1432.1693115234375},"rotation":{"x":-0.23882652819156648,"y":0.11857300996780396,"z":-0.029321106150746347,"w":-0.9633678793907166},"size":1687.016845703125,"orthographic":false}