{"cameraMode":{"drawMode":0,"name":"Shaded","section":"Shading Mode"},"sceneLighting":true,"audioPlay":false,"sceneViewState":{"showFog":true,"showMaterialUpdate":true,"showSkybox":true,"showFlares":true,"showImageEffects":true,"showParticleSystems":true},"in2DMode":false,"pivot":{"x":1.8086482286453248,"y":2.637420892715454,"z":13.272994995117188},"rotation":{"x":0.3475015461444855,"y":0.1719576120376587,"z":-0.06508079171180725,"w":0.919913649559021},"size":5.351156711578369,"orthographic":false}