{"cameraMode":{"drawMode":0,"name":"Shaded","section":"Shading Mode"},"sceneLighting":true,"audioPlay":false,"sceneViewState":{"showFog":true,"showMaterialUpdate":false,"showSkybox":true,"showFlares":true,"showImageEffects":true,"showParticleSystems":true},"in2DMode":false,"pivot":{"x":1.1827595233917237,"y":4.649953842163086,"z":2.0750837326049806},"rotation":{"x":0.16919396817684174,"y":-0.607659637928009,"z":0.13442444801330567,"w":0.7642674446105957},"size":4.041658401489258,"orthographic":false}