{"cameraMode":{"drawMode":0,"name":"Shaded","section":"Shading Mode"},"sceneLighting":true,"audioPlay":false,"sceneViewState":{"showFog":true,"showMaterialUpdate":true,"showSkybox":true,"showFlares":true,"showImageEffects":true,"showParticleSystems":true},"in2DMode":false,"pivot":{"x":-8.89124584197998,"y":-16.665287017822267,"z":-13.266678810119629},"rotation":{"x":0.1675434410572052,"y":-0.8228681087493897,"z":0.4467601180076599,"w":0.30860185623168948},"size":32.694095611572269,"orthographic":false}