{"cameraMode":{"drawMode":0,"name":"Shaded","section":"Shading Mode"},"sceneLighting":true,"audioPlay":false,"sceneViewState":{"showFog":true,"showMaterialUpdate":true,"showSkybox":true,"showFlares":true,"showImageEffects":true,"showParticleSystems":true},"in2DMode":false,"pivot":{"x":36.62846755981445,"y":-7.954718112945557,"z":-9.682337760925293},"rotation":{"x":0.06691109389066696,"y":0.68863445520401,"z":-0.06440305709838867,"w":0.7192217707633972},"size":44.49215316772461,"orthographic":false}