{"cameraMode":{"drawMode":0,"name":"Shaded","section":"Shading Mode"},"sceneLighting":false,"audioPlay":false,"sceneViewState":{"showFog":true,"showMaterialUpdate":true,"showSkybox":false,"showFlares":true,"showImageEffects":true,"showParticleSystems":true},"in2DMode":false,"pivot":{"x":-4.928201675415039,"y":0.7167904376983643,"z":-5.832005023956299},"rotation":{"x":-0.1714227795600891,"y":0.7503582835197449,"z":-0.21369855105876923,"w":-0.6016303300857544},"size":1.9219489097595215,"orthographic":false}