{"cameraMode":{"drawMode":0,"name":"Shaded","section":"Shading Mode"},"sceneLighting":false,"audioPlay":false,"sceneViewState":{"showFog":true,"showMaterialUpdate":true,"showSkybox":false,"showFlares":true,"showImageEffects":true,"showParticleSystems":true},"in2DMode":false,"pivot":{"x":-5.09275484085083,"y":0.0850745439529419,"z":13.643850326538086},"rotation":{"x":-0.0008330508717335761,"y":-0.980288028717041,"z":0.1975894272327423,"w":-0.004121225792914629},"size":2.857893466949463,"orthographic":false}