{"cameraMode":{"drawMode":0,"name":"Shaded","section":"Shading Mode"},"sceneLighting":false,"audioPlay":false,"sceneViewState":{"showFog":true,"showMaterialUpdate":true,"showSkybox":false,"showFlares":true,"showImageEffects":true,"showParticleSystems":true},"in2DMode":false,"pivot":{"x":-5.270866870880127,"y":1.3577021360397339,"z":-6.29556131362915},"rotation":{"x":0.03774164617061615,"y":0.36178502440452578,"z":-0.014660346321761608,"w":0.9313832521438599},"size":0.5391554832458496,"orthographic":false}