{"cameraMode":{"drawMode":0,"name":"Shaded","section":"Shading Mode"},"sceneLighting":false,"audioPlay":false,"sceneViewState":{"showFog":true,"showMaterialUpdate":true,"showSkybox":false,"showFlares":true,"showImageEffects":true,"showParticleSystems":true},"in2DMode":false,"pivot":{"x":-14.519647598266602,"y":-1.4856557846069337,"z":-32.76803207397461},"rotation":{"x":0.3336528539657593,"y":-0.5235945582389832,"z":0.23344458639621736,"w":0.7483509182929993},"size":5.445234775543213,"orthographic":false}