{"cameraMode":{"drawMode":0,"name":"Shaded","section":"Shading Mode"},"sceneLighting":true,"audioPlay":false,"sceneViewState":{"showFog":true,"showMaterialUpdate":true,"showSkybox":true,"showFlares":true,"showImageEffects":true,"showParticleSystems":true},"in2DMode":false,"pivot":{"x":18.992578506469728,"y":2.3128573894500734,"z":-13.784614562988282},"rotation":{"x":0.2642914354801178,"y":-0.5415328145027161,"z":0.184111550450325,"w":0.7766917943954468},"size":2.078223943710327,"orthographic":false}