{"cameraMode":{"drawMode":0,"name":"Shaded","section":"Shading Mode"},"sceneLighting":false,"audioPlay":false,"sceneViewState":{"showFog":true,"showMaterialUpdate":true,"showSkybox":false,"showFlares":true,"showImageEffects":true,"showParticleSystems":true},"in2DMode":false,"pivot":{"x":9.729999542236329,"y":-0.800000011920929,"z":-4.372313499450684},"rotation":{"x":-0.21563605964183808,"y":0.03754909336566925,"z":-0.008225047960877419,"w":-0.9757346510887146},"size":22.0,"orthographic":false}