{"cameraMode":{"drawMode":0,"name":"Shaded","section":"Shading Mode"},"sceneLighting":true,"audioPlay":false,"sceneViewState":{"showFog":true,"showMaterialUpdate":true,"showSkybox":true,"showFlares":true,"showImageEffects":true,"showParticleSystems":true},"in2DMode":false,"pivot":{"x":7.42696475982666,"y":-5.01643180847168,"z":-22.101350784301759},"rotation":{"x":0.1019749715924263,"y":0.8961316347122192,"z":-0.2814517617225647,"w":0.32869741320610049},"size":26.09364891052246,"orthographic":false}