{"cameraMode":{"drawMode":0,"name":"Shaded","section":"Shading Mode"},"sceneLighting":true,"audioPlay":false,"sceneViewState":{"showFog":true,"showMaterialUpdate":true,"showSkybox":true,"showFlares":true,"showImageEffects":true,"showParticleSystems":true},"in2DMode":false,"pivot":{"x":-0.5893617868423462,"y":15.58358097076416,"z":-19.471633911132814},"rotation":{"x":-0.13825289905071259,"y":0.6671332716941834,"z":-0.12770582735538484,"w":-0.7210284471511841},"size":2.078223943710327,"orthographic":false}