{"cameraMode":{"drawMode":0,"name":"Shaded","section":"Shading Mode"},"sceneLighting":false,"audioPlay":false,"sceneViewState":{"showFog":true,"showMaterialUpdate":true,"showSkybox":false,"showFlares":true,"showImageEffects":true,"showParticleSystems":true},"in2DMode":false,"pivot":{"x":7.615832805633545,"y":-0.13897854089736939,"z":-36.628421783447269},"rotation":{"x":0.10446019470691681,"y":-0.42170849442481997,"z":0.04879292473196983,"w":0.899810254573822},"size":1.9219517707824708,"orthographic":false}