{"cameraMode":{"drawMode":0,"name":"Shaded","section":"Shading Mode"},"sceneLighting":false,"audioPlay":false,"sceneViewState":{"showFog":true,"showMaterialUpdate":false,"showSkybox":false,"showFlares":true,"showImageEffects":true,"showParticleSystems":true},"in2DMode":false,"pivot":{"x":-0.41999998688697817,"y":6.010000228881836,"z":1.3600000143051148},"rotation":{"x":0.05350032076239586,"y":-0.902290403842926,"z":0.41141819953918459,"w":0.11730820685625076},"size":22.0,"orthographic":false}