{"cameraMode":{"drawMode":0,"name":"Shaded","section":"Shading Mode"},"sceneLighting":true,"audioPlay":false,"sceneViewState":{"showFog":true,"showMaterialUpdate":false,"showSkybox":true,"showFlares":true,"showImageEffects":true,"showParticleSystems":true},"in2DMode":false,"pivot":{"x":7.260037899017334,"y":6.354368209838867,"z":5.3585381507873539},"rotation":{"x":-0.10580698400735855,"y":0.6927585601806641,"z":-0.10385678708553314,"w":-0.7057662606239319},"size":10.0,"orthographic":false}