{"cameraMode":{"drawMode":0,"name":"Shaded","section":"Shading Mode"},"sceneLighting":true,"audioPlay":false,"sceneViewState":{"showFog":true,"showMaterialUpdate":false,"showSkybox":true,"showFlares":true,"showImageEffects":true,"showParticleSystems":true},"in2DMode":false,"pivot":{"x":31.805971145629884,"y":1.5839338302612305,"z":-5.332910537719727},"rotation":{"x":-0.018631823360919954,"y":-0.7633066177368164,"z":0.021969281136989595,"w":-0.6454660892486572},"size":27.896709442138673,"orthographic":false}