{"cameraMode":{"drawMode":0,"name":"Shaded","section":"Shading Mode"},"sceneLighting":false,"audioPlay":false,"sceneViewState":{"showFog":true,"showMaterialUpdate":false,"showSkybox":false,"showFlares":true,"showImageEffects":true,"showParticleSystems":true},"in2DMode":false,"pivot":{"x":1132.5,"y":637.0000610351563,"z":0.3824925720691681},"rotation":{"x":-0.09757320582866669,"y":-0.8047158122062683,"z":0.13798551261425019,"w":-0.5691408514976502},"size":4287.8740234375,"orthographic":false}