{"cameraMode":{"drawMode":0,"name":"Shaded","section":"Shading Mode"},"sceneLighting":false,"audioPlay":false,"sceneViewState":{"showFog":true,"showMaterialUpdate":false,"showSkybox":false,"showFlares":true,"showImageEffects":true,"showParticleSystems":true},"in2DMode":false,"pivot":{"x":4.130838394165039,"y":0.5485885143280029,"z":-0.5790238380432129},"rotation":{"x":0.013609853573143483,"y":0.9829887747764587,"z":-0.16399404406547547,"w":0.08157908171415329},"size":4.041658401489258,"orthographic":false}