{"cameraMode":{"drawMode":0,"name":"Shaded","section":"Shading Mode"},"sceneLighting":true,"audioPlay":false,"sceneViewState":{"showFog":true,"showMaterialUpdate":false,"showSkybox":true,"showFlares":true,"showImageEffects":true,"showParticleSystems":true},"in2DMode":false,"pivot":{"x":-3.9410152435302736,"y":2.831721305847168,"z":13.833758354187012},"rotation":{"x":0.00914570689201355,"y":-0.9872757196426392,"z":0.14649660885334016,"w":0.061709802597761157},"size":28.01003646850586,"orthographic":false}