{"cameraMode":{"drawMode":0,"name":"Shaded","section":"Shading Mode"},"sceneLighting":true,"audioPlay":false,"sceneViewState":{"showFog":true,"showMaterialUpdate":false,"showSkybox":true,"showFlares":true,"showImageEffects":true,"showParticleSystems":true},"in2DMode":false,"pivot":{"x":0.8480424880981445,"y":-3.042222499847412,"z":-3.2263431549072267},"rotation":{"x":0.032249581068754199,"y":0.9612506628036499,"z":-0.1279263198375702,"w":0.24222803115844727},"size":27.896709442138673,"orthographic":false}