{"cameraMode":{"drawMode":0,"name":"Shaded","section":"Shading Mode"},"sceneLighting":false,"audioPlay":false,"sceneViewState":{"showFog":true,"showMaterialUpdate":false,"showSkybox":false,"showFlares":true,"showImageEffects":true,"showParticleSystems":true},"in2DMode":false,"pivot":{"x":6.3687872886657719,"y":0.10000002384185791,"z":-3.8818845748901369},"rotation":{"x":-0.2066735476255417,"y":0.13801537454128266,"z":-0.029461536556482316,"w":-0.9681800603866577},"size":4.041658401489258,"orthographic":false}