{"cameraMode":{"drawMode":0,"name":"Shaded","section":"Shading Mode"},"sceneLighting":true,"audioPlay":false,"sceneViewState":{"showFog":true,"showMaterialUpdate":false,"showSkybox":true,"showFlares":true,"showImageEffects":true,"showParticleSystems":true},"in2DMode":false,"pivot":{"x":4.026788711547852,"y":-2.79957914352417,"z":-1.2976036071777344},"rotation":{"x":0.03960666060447693,"y":0.9428175091743469,"z":-0.12115703523159027,"w":0.3081066906452179},"size":27.896709442138673,"orthographic":false}